
INSERT INTO book (book_id ,publisher_id, title, publication_year, edition, pages, language, description, cover_image, quantity, available_quantity, status) VALUES
(16, 1, N'1984', 1949,  N'Tái bản lần 1', 328, N'Tiếng Việt', N'Tiểu thuyết khoa học viễn tưởng của George Orwell', '1984.png', 100, 95, 'available'),
(17, 2, N'The Catcher in the Rye', 1951,  N'Tái bản lần 5', 277, N'Tiếng Việt', N'Tiểu thuyết của J.D. Salinger', 'catcher_in_the_rye.jpg', 150, 145, 'available'),
(18 ,3, N'To Kill a Mockingbird', 1960,  N'Tái bản lần 15', 281, N'Tiếng Việt', N'Tiểu thuyết của Harper Lee', 'to_kill_a_mockingbird.jpg', 80, 75, 'available'),
(19, 4, N'Pride and Prejudice', 1813, N'Tái bản lần 25', 279, N'Tiếng Việt', N'Tiểu thuyết của Jane Austen', 'pride_and_prejudice.jpg', 120, 115, 'available'),
(20, 5, N'One Hundred Years of Solitude', 1967,  N'Tái bản lần 10', 417, N'Tiếng Việt', N'Tiểu thuyết của Gabriel García Márquez', 'one_hundred_years_of_solitude.jpg', 200, 195, 'available'),
(21, 6, N'Moby-Dick', 1851,  N'Tái bản lần 11', 635, N'Tiếng Việt', N'Tiểu thuyết của Herman Melville', 'moby_dick.jpg', 150, 148, 'available'),
(22, 7, N'Brave New World', 1932, N'Tái bản lần 12', 311, N'Tiếng Việt', N'Tiểu thuyết khoa học viễn tưởng của Aldous Huxley', 'brave_new_world.jpg', 100, 98, 'available'),
(23, 8, N'War and Peace', 1869,  N'Tái bản lần 8', 1225, N'Tiếng Việt', N'Tiểu thuyết của Leo Tolstoy', 'war_and_peace.jpg', 180, 175, 'available'),
(24, 9, N'Anna Karenina', 1877, N'Tái bản lần 3', 864, N'Tiếng Việt', N'Tiểu thuyết của Leo Tolstoy', 'anna_karenina.jpg', 90, 85, 'available'),
(25, 10, N'The Great Gatsby', 1925,  N'Tái bản lần 7', 218, N'Tiếng Việt', N'Tiểu thuyết của F. Scott Fitzgerald', 'great_gatsby.jpg', 120, 118, 'available'),
(26, 11, N'Fahrenheit 451', 1953,  N'Tái bản lần 1', 249, N'Tiếng Việt', N'Tiểu thuyết của Ray Bradbury', 'fahrenheit_451.jpg', 150, 145, 'available'),
(27, 12, N'Catch-22', 1961,  N'Tái bản lần 1', 453, N'Tiếng Việt', N'Tiểu thuyết của Joseph Heller', 'catch_22.jpg', 130, 125, 'available'),
(28, 13, N'Don Quixote', 1605,  N'Tái bản lần 9', 1052, N'Tiếng Việt', N'Tiểu thuyết của Miguel de Cervantes', 'don_quixote.jpg', 140, 137, 'available'),
(29, 14, N'Crime and Punishment', 1866,  N'Tái bản lần 23', 430, N'Tiếng Việt', N'Tiểu thuyết của Fyodor Dostoevsky', 'crime_and_punishment.png', 160, 155, 'available'),
(30, 15, N'The Brothers Karamazov', 1880,  N'Tái bản lần 1', 796, N'Tiếng Việt', N'Tiểu thuyết của Fyodor Dostoevsky', 'brothers_karamazov.jpg', 180, 175, 'available'),
(31, 1, N'Little Women', 1868,  N'Tái bản lần 3', 759, N'Tiếng Việt', N'Tiểu thuyết của Louisa May Alcott', 'little_women.jpg', 100, 95, 'available'),
(32, 2, N'The Hobbit', 1937,  N'Tái bản lần 2', 310, N'Tiếng Việt', N'Tiểu thuyết của J.R.R. Tolkien', 'the_hobbit.jpg', 150, 145, 'available'),
(33, 3, N'The Lord of the Rings', 1954,  N'Tái bản lần 4', 1178, N'Tiếng Việt', N'Tiểu thuyết của J.R.R. Tolkien', 'the_lord_of_the_rings.jpg', 200, 195, 'available'),
(34, 4, N'The Picture of Dorian Gray', 1890,  N'Tái bản lần 6', 254, N'Tiếng Việt', N'Tiểu thuyết của Oscar Wilde', 'the_picture_of_dorian_gray.jpg', 120, 118, 'available'),
(35, 5, N'Wuthering Heights', 1847, N'Tái bản lần 1', 416, N'Tiếng Việt', N'Tiểu thuyết của Emily Brontë', 'wuthering_heights.jpg', 80, 75, 'available'),
(36, 6, N'Jane Eyre', 1847,  N'Tái bản lần 4', 504, N'Tiếng Việt', N'Tiểu thuyết của Charlotte Brontë', 'jane_eyre.jpg', 130, 128, 'available'),
(37, 7, N'The Complete Novels', 1930,  N'Tái bản lần 7', 220, N'Tiếng Việt', N'Tiểu thuyết của Thomas Hardy', 'the_complete_novels.jpg', 140, 135, 'available'),
(38, 8, N'The Odyssey', 800,  N'Tái bản lần 5', 400, N'Tiếng Việt', N'Epic poem của Homer', 'the_odyssey.jpg', 160, 155, 'available'),
(39, 9, N'The Divine Comedy', 1320,  N'Tái bản lần 1', 798, N'Tiếng Việt', N'Epic poem của Dante Alighieri', 'the_divine_comedy.jpg', 120, 115, 'available'),
(40, 10, N'The Old Man and the Sea', 1952,  N'Tái bản lần 1', 127, N'Tiếng Việt', N'Tiểu thuyết của Ernest Hemingway', 'the_old_man_and_the_sea.jpg', 100, 95, 'available'),
(41, 11, N'The Metamorphosis', 1915, N'Tái bản lần 6', 191, N'Tiếng Việt', N'Tiểu thuyết của Franz Kafka', 'the_metamorphosis.jpg', 90, 85, 'available'),
(42, 12, N'Slaughterhouse-Five', 1969,  N'Tái bản lần 5', 275, N'Tiếng Việt', N'Tiểu thuyết của Kurt Vonnegut', 'slaughterhouse_five.jpg', 150, 148, 'available'),
(43, 13, N'The Road', 2006, N'Tái bản lần 15', 287, N'Tiếng Việt', N'Tiểu thuyết của Cormac McCarthy', 'the_road.jpg', 180, 175, 'available'),
(44, 14, N'Fear and Loathing in Las Vegas', 1971,  N'Tái bản lần 23', 204, N'Tiếng Việt', N'Tiểu thuyết của Hunter S. Thompson', 'fear_and_loathing_in_las_vegas.jpg', 100, 95, 'available'),
(45, 15, N'Shantaram', 2003,  N'Tái bản lần 9', 936, N'Tiếng Việt', N'Tiểu thuyết của Gregory David Roberts', 'shantaram.jpg', 120, 118, 'available');

INSERT INTO book_author (book_id, author_id, role) VALUES
(16, 1, 'Tác giả chính'),
(17, 2, 'Tác giả chính'),
(18, 3, 'Tác giả chính'),
(19, 4, 'Tác giả chính'),
(20, 5, 'Tác giả chính'),
(21, 6, 'Tác giả chính'),
(22, 7, 'Tác giả chính'),
(23, 8, 'Tác giả chính'),
(24, 9, 'Tác giả chính'),
(25, 10, 'Tác giả chính'),
(26, 11, 'Tác giả chính'),
(27, 12, 'Tác giả chính'),
(28, 13, 'Tác giả chính'),
(29, 14, 'Tác giả chính'),
(30, 15, 'Tác giả chính'),
(31, 1, 'Tác giả chính'),
(32, 2, 'Tác giả chính'),
(33, 3, 'Tác giả chính'),
(34, 4, 'Tác giả chính'),
(35, 5, 'Tác giả chính'),
(36, 6, 'Tác giả chính'),
(37, 7, 'Tác giả chính'),
(38, 8, 'Tác giả chính'),
(39, 9, 'Tác giả chính'),
(40, 10, 'Tác giả chính'),
(41, 11, 'Tác giả chính'),
(42, 12, 'Tác giả chính'),
(43, 13, 'Tác giả chính'),
(44, 14, 'Tác giả chính'),
(45, 15, 'Tác giả chính');

INSERT INTO book_category (book_id, category_id) VALUES
(16, 1),  -- '1984' thuộc thể loại 'Khoa học'
(16, 12), -- '1984' cũng thuộc thể loại 'Kinh tế'
(17, 1),  -- 'The Catcher in the Rye' thuộc thể loại 'Khoa học'
(17, 3),  -- 'The Catcher in the Rye' thuộc thể loại 'Tình cảm'
(18, 1),  -- 'To Kill a Mockingbird' thuộc thể loại 'Khoa học'
(18, 3),  -- 'To Kill a Mockingbird' thuộc thể loại 'Tình cảm'
(19, 3),  -- 'Pride and Prejudice' thuộc thể loại 'Tình cảm'
(20, 3),  -- 'One Hundred Years of Solitude' thuộc thể loại 'Tình cảm'
(21, 1),  -- 'Moby-Dick' thuộc thể loại 'Khoa học'
(21, 12), -- 'Moby-Dick' thuộc thể loại 'Kinh tế'
(22, 1),  -- 'Brave New World' thuộc thể loại 'Khoa học'
(22, 3),  -- 'Brave New World' thuộc thể loại 'Tình cảm'
(23, 6),  -- 'War and Peace' thuộc thể loại 'Tiểu thuyết lịch sử'
(23, 14), -- 'War and Peace' thuộc thể loại 'Văn hóa'
(24, 6),  -- 'Anna Karenina' thuộc thể loại 'Tiểu thuyết lịch sử'
(25, 3), -- 'The Great Gatsby' thuộc thể loại 'Tình cảm'
(26, 1), -- 'Fahrenheit 451' thuộc thể loại 'Khoa học'
(27, 1), -- 'Catch-22' thuộc thể loại 'Khoa học'
(28, 6), -- 'Don Quixote' thuộc thể loại 'Tiểu thuyết lịch sử'
(29, 6), -- 'Crime and Punishment' thuộc thể loại 'Tiểu thuyết lịch sử'
(30, 6), -- 'The Brothers Karamazov' thuộc thể loại 'Tiểu thuyết lịch sử'
(31, 12), -- 'Little Women' thuộc thể loại 'Kinh tế'
(32, 14), -- 'The Hobbit' thuộc thể loại 'Văn hóa'
(33, 1),  -- 'The Lord of the Rings' thuộc thể loại 'Khoa học'
(34, 14), -- 'The Picture of Dorian Gray' thuộc thể loại 'Văn hóa'
(35, 12), -- 'Wuthering Heights' thuộc thể loại 'Kinh tế'
(36, 3),  -- 'Jane Eyre' thuộc thể loại 'Tình cảm'
(37, 14), -- 'Verbena on the Heights' thuộc thể loại 'Văn hóa'
(38, 12), -- 'The Odyssey' thuộc thể loại 'Kinh tế'
(39, 12), -- 'The Divine Comedy' thuộc thể loại 'Kinh tế'
(40, 3), -- 'The Old Man and the Sea' thuộc thể loại 'Tình cảm'
(41, 12), -- 'The Metamorphosis' thuộc thể loại 'Kinh tế'
(42, 3), -- 'Slaughterhouse-Five' thuộc thể loại 'Tình cảm'
(43, 12), -- 'The Road' thuộc thể loại 'Kinh tế'
(44, 3), -- 'Fear and Loathing in Las Vegas' thuộc thể loại 'Tình cảm'
(45, 12); -- 'Shantaram' thuộc thể loại 'Kinh tế'
